{"cameraMode":{"drawMode":0,"name":"Shaded","section":"Shading Mode"},"sceneLighting":true,"audioPlay":false,"sceneViewState":{"m_AlwaysRefresh":false,"showFog":true,"showSkybox":true,"showFlares":true,"showImageEffects":true,"showParticleSystems":true,"showVisualEffectGraphs":true,"m_FxEnabled":true},"in2DMode":false,"pivot":{"x":-135.17234802246095,"y":84.84822845458985,"z":159.69003295898438},"rotation":{"x":0.06532368063926697,"y":0.9238395094871521,"z":-0.18297895789146424,"w":0.3298114538192749},"size":26.83070182800293,"orthographic":true}