{"cameraMode":{"drawMode":0,"name":"Shaded","section":"Shading Mode"},"sceneLighting":true,"audioPlay":false,"sceneViewState":{"m_AlwaysRefresh":false,"showFog":true,"showSkybox":true,"showFlares":true,"showImageEffects":true,"showParticleSystems":true,"showVisualEffectGraphs":true,"m_FxEnabled":true},"in2DMode":false,"pivot":{"x":-174.8534698486328,"y":102.63587188720703,"z":186.8106689453125},"rotation":{"x":0.07078465819358826,"y":0.9127232432365418,"z":-0.17935530841350556,"w":0.3602186441421509},"size":32.555057525634769,"orthographic":true}