{"cameraMode":{"drawMode":0,"name":"Shaded","section":"Shading Mode"},"sceneLighting":true,"audioPlay":false,"sceneViewState":{"m_AlwaysRefresh":false,"showFog":true,"showSkybox":true,"showFlares":true,"showImageEffects":true,"showParticleSystems":true,"showVisualEffectGraphs":true,"m_FxEnabled":true},"in2DMode":false,"pivot":{"x":-21.878997802734376,"y":-0.6340124607086182,"z":5.5252861976623539},"rotation":{"x":0.14386719465255738,"y":-0.5579164624214172,"z":0.098932184278965,"w":0.8113223910331726},"size":0.7806314826011658,"orthographic":true}