{"cameraMode":{"drawMode":0,"name":"Shaded","section":"Shading Mode"},"sceneLighting":true,"audioPlay":false,"sceneViewState":{"m_AlwaysRefresh":false,"showFog":true,"showSkybox":true,"showFlares":true,"showImageEffects":true,"showParticleSystems":true,"showVisualEffectGraphs":true,"m_FxEnabled":true},"in2DMode":false,"pivot":{"x":-169.77493286132813,"y":107.1473388671875,"z":191.93275451660157},"rotation":{"x":0.07078465819358826,"y":0.9127232432365418,"z":-0.17935530841350556,"w":0.3602186441421509},"size":31.06280517578125,"orthographic":true}